INDICATOR,HFA_426,,,
,,,,
HFA_426,"Pure alcohol consumption, litres per capita, age 15+",,,
,,,,
UNIT_TYPE,Unit,,,
LITRES_PCAPITA,litres per capita,,,
,,,,
EXTERNID,ID in the originating data source,,,
,,,,
DATA_SOURCE,Data source,,,
HFA,European Health for All database,,,
,,,,
DATA_TYPE_REPRESENTATION,Data type representation,,,
RATIO,Ratio,,,
,,,,
DATA_SET,Data set,,,
HFA,European Health for All database (WHO),,,
,,,,
DATA_MASK,Mask for controlling the output format of values,,,
,,,,
SEX,Sex,,,
FEMALE,Female,,,
MALE,Male,,,
ALL,All,,,
,,,,
COUNTRY,COUNTRY_GRP,SEX,YEAR,VALUE
DNK,,ALL,1995,12.16
BGR,,ALL,2012,10.99
DNK,,ALL,1998,11.69
,NORDIC,ALL,1974,8.44
BIH,,ALL,2012,4.61
EST,,ALL,2008,16.99
MNE,,ALL,2010,6.56
DNK,,ALL,1997,12.2
ALB,,ALL,1999,2.19
,NORDIC,ALL,1979,8.35
ITA,,ALL,2009,7.25
BGR,,ALL,2008,10.98
BGR,,ALL,2009,10.93
,NORDIC,ALL,1977,8.56
ISR,,ALL,1982,2.65
,NORDIC,ALL,1976,8.76
DNK,,ALL,1990,11.85
ITA,,ALL,2007,8.37
ISR,,ALL,2000,2.53
DNK,,ALL,1992,11.94
,EU_AFTER_MAY2004,ALL,2004,10.6
PRT,,ALL,2012,11.96
,NORDIC,ALL,1987,8.15
,NORDIC,ALL,1988,8.31
BGR,,ALL,2005,10.48
BGR,,ALL,2002,10.2
PRT,,ALL,2014,9.88
DNK,,ALL,1982,12.47
IRL,,ALL,2006,13.44
ISR,,ALL,2013,2.69
DNK,,ALL,1987,11.74
DEU,,ALL,2013,10.94
,EU_MEMBERS,ALL,1970,13.83
,NORDIC,ALL,1970,7.25
ALB,,ALL,1985,1.6
,NORDIC,ALL,1985,8.01
,EU_AFTER_MAY2004,ALL,1996,10.09
DEU,,ALL,2011,11.2
TKM,,ALL,1992,0.42
ALB,,ALL,1990,2.03
POL,,ALL,2008,11.4
NLD,,ALL,2006,9.79
BGR,,ALL,2001,10.72
DNK,,ALL,1984,12.4
ITA,,ALL,1994,10.12
ITA,,ALL,1985,13.22
LUX,,ALL,1978,18.08
FIN,,ALL,2014,8.8
DNK,,ALL,1988,11.9
DNK,,ALL,1994,12.14
ISR,,ALL,2007,2.33
,NORDIC,ALL,1986,8.25
POL,,ALL,2007,10.9
,NORDIC,ALL,1973,8.01
ALB,,ALL,1992,1.35
MDA,,ALL,2001,10.98
,SEEHN,ALL,2013,8
DNK,,ALL,1975,11.47
ITA,,ALL,2002,9.25
ALB,,ALL,1989,1.73
GRC,,ALL,1997,9.5
ISR,,ALL,2002,2.47
ISR,,ALL,2001,2.53
,EU_AFTER_MAY2004,ALL,2007,11.47
BGR,,ALL,2007,10.89
CZE,,ALL,1978,14.64
SRB,,ALL,2003,7.25
,NORDIC,ALL,1971,7.34
MDA,,ALL,2011,9.45
BIH,,ALL,2004,4.25
DNK,,ALL,1983,12.81
ISR,,ALL,1983,2.8
MKD,,ALL,2012,1.23
BEL,,ALL,1994,11.12
CHE,,ALL,2006,10.24
MNE,,ALL,2011,6.56
BLR,,ALL,2009,14.09
,EU_AFTER_MAY2004,ALL,2014,11
DNK,,ALL,1996,12.27
CZE,,ALL,1970,11.9
ALB,,ALL,1995,2.87
,NORDIC,ALL,1972,7.73
ALB,,ALL,1993,1.49
ALB,,ALL,1987,1.63
SVN,,ALL,1987,16.64
LUX,,ALL,1982,16.84
ALB,,ALL,1973,1.59
ESP,,ALL,2000,11.12
FIN,,ALL,2000,8.59
ISR,,ALL,2012,2.78
POL,,ALL,2009,10.7
,NORDIC,ALL,1978,8.16
DNK,,ALL,1991,11.76
,NORDIC,ALL,1983,8.09
BIH,,ALL,2014,4.03
ALB,,ALL,1991,1.28
BIH,,ALL,2003,4.14
SVN,,ALL,1986,18.13
AZE,,ALL,2000,0.65
LTU,,ALL,2012,15.14
,SEEHN,ALL,2008,8.87
BEL,,ALL,2000,11.21
POL,,ALL,2005,9.5
,SEEHN,ALL,2002,7.33
BIH,,ALL,2011,4.64
FIN,,ALL,1988,9.03
DNK,,ALL,1985,12.2
ALB,,ALL,1994,2.77
ALB,,ALL,1986,1.39
BEL,,ALL,1990,12.18
POL,,ALL,1994,8.31
ITA,,ALL,1989,10.95
MNE,,ALL,2006,5.38
NLD,,ALL,1979,11.65
BEL,,ALL,2010,10.22
GRC,,ALL,1998,9.03
ALB,,ALL,1982,1.51
CYP,,ALL,2010,11.32
BIH,,ALL,2009,4.75
BLR,,ALL,2007,14.22
,EU_AFTER_MAY2004,ALL,1999,9.59
,NORDIC,ALL,1984,7.99
,EU_AFTER_MAY2004,ALL,1997,10.46
LUX,,ALL,2002,12.91
LUX,,ALL,2001,12.89
,EU_AFTER_MAY2004,ALL,1986,11.14
SVN,,ALL,1984,17.23
ALB,,ALL,1976,1.33
ISR,,ALL,2009,2.55
,EU_AFTER_MAY2004,ALL,2005,10.23
HUN,,ALL,1980,16.88
TKM,,ALL,1994,1.67
SVN,,ALL,1992,13.64
MNE,,ALL,2009,6.45
,SEEHN,ALL,2011,7.7
FIN,,ALL,1991,9.22
CHE,,ALL,1998,11.07
ITA,,ALL,1986,12.37
LUX,,ALL,1975,18.98
NLD,,ALL,1978,11.25
ITA,,ALL,2013,7.35
GRC,,ALL,1992,9.99
,EU_AFTER_MAY2004,ALL,1972,10.42
ITA,,ALL,1984,14.08
CHE,,ALL,1992,12.33
CZE,,ALL,1981,14.23
,NORDIC,ALL,1990,8.38
SVN,,ALL,1996,12.04
ISR,,ALL,2014,2.62
LUX,,ALL,1980,17.57
MNE,,ALL,2008,6.17
FIN,,ALL,1996,8.24
,CIS,ALL,2008,9.32
,EU_AFTER_MAY2004,ALL,1971,10.08
ITA,,ALL,1993,10.27
EST,,ALL,2007,17.87
KAZ,,ALL,1995,4.91
MKD,,ALL,2013,1.03
BIH,,ALL,2007,5.16
ALB,,ALL,1979,1.4
EST,,ALL,2004,15.07
EST,,ALL,2009,15.04
,NORDIC,ALL,1980,8.26
SRB,,ALL,2001,7.53
,WHO_EURO,ALL,1992,9.01
LUX,,ALL,1976,19.03
TUR,,ALL,1984,1
SVK,,ALL,2004,10.03
,SEEHN,ALL,2006,7.29
AUT,,ALL,2013,11.82
SWE,,ALL,1991,7.47
BIH,,ALL,2006,4.82
FIN,,ALL,2007,10.45
CHE,,ALL,1990,12.99
FIN,,ALL,1989,9.42
CHE,,ALL,1994,11.79
POL,,ALL,1985,8.5
ALB,,ALL,1978,1.65
ALB,,ALL,1975,1.35
ALB,,ALL,1983,1.68
ISR,,ALL,2004,2.23
,SEEHN,ALL,2012,7.96
CYP,,ALL,2005,11.41
SVK,,ALL,2000,11.06
BIH,,ALL,2002,3.84
FIN,,ALL,1987,8.75
MDA,,ALL,2000,9.89
SVN,,ALL,1985,15.07
BEL,,ALL,1984,13.26
,EU_AFTER_MAY2004,ALL,1984,11.24
BLR,,ALL,2004,12.05
ALB,,ALL,1988,1.67
,CARINFONET,ALL,2004,3.01
BIH,,ALL,2000,3.64
CHE,,ALL,1997,11.21
SRB,,ALL,2005,9.6
GBR,,ALL,2012,10.42
ALB,,ALL,1971,1.2
UKR,,ALL,1983,6.99
SVN,,ALL,1990,13.79
,EU_AFTER_MAY2004,ALL,2002,10.03
SVN,,ALL,1995,13.36
DNK,,ALL,1993,11.89
CZE,,ALL,1977,14.2
CZE,,ALL,1980,13.99
NLD,,ALL,2009,9.23
EST,,ALL,2010,14.97
,EU_AFTER_MAY2004,ALL,1985,11.1
,EU_AFTER_MAY2004,ALL,1974,10.92
PRT,,ALL,2009,12.03
BGR,,ALL,1980,10.84
DNK,,ALL,1979,11.41
,EU_MEMBERS,ALL,1997,11.12
HRV,,ALL,2006,11.83
FIN,,ALL,1984,8.06
,SEEHN,ALL,2000,7.79
CHE,,ALL,1991,12.9
ALB,,ALL,1984,1.58
GRC,,ALL,1999,9.47
ALB,,ALL,1974,1.58
IRL,,ALL,2009,11.41
SVN,,ALL,1983,17.28
HUN,,ALL,1986,16.67
SVK,,ALL,2001,10.73
UZB,,ALL,1998,1.73
CHE,,ALL,2001,11.12
ITA,,ALL,1983,14.55
,CARINFONET,ALL,2006,3.23
LUX,,ALL,1977,18.59
SWE,,ALL,1983,6.96
IRL,,ALL,1972,12
,CARINFONET,ALL,2005,3.14
ITA,,ALL,1992,10.55
PRT,,ALL,1988,12.92
UKR,,ALL,1986,4.39
NOR,,ALL,1970,4.84
,SEEHN,ALL,2005,7.28
FIN,,ALL,1994,8.16
LUX,,ALL,1981,17.04
DNK,,ALL,1980,11.5
TKM,,ALL,1993,0.55
BGR,,ALL,2004,10.96
SVN,,ALL,1994,13.38
,EU_AFTER_MAY2004,ALL,1995,10.16
GEO,,ALL,2007,8.65
LUX,,ALL,1999,12.92
LUX,,ALL,1998,12.88
,NORDIC,ALL,1989,8.36
NLD,,ALL,2011,8.96
BGR,,ALL,2011,10.67
ITA,,ALL,1991,10.82
DNK,,ALL,1999,11.62
AZE,,ALL,1994,1.37
ITA,,ALL,2012,7.49
LTU,,ALL,1988,7.11
ISR,,ALL,2008,2.47
HUN,,ALL,1982,16.82
UZB,,ALL,2001,1.53
CHE,,ALL,1999,11.05
ALB,,ALL,1981,1.84
CHE,,ALL,1996,11.33
BIH,,ALL,2013,4.12
ITA,,ALL,2004,8.98
GRC,,ALL,1974,10.88
GRC,,ALL,1996,9.67
GRC,,ALL,1991,10.18
SWE,,ALL,1977,8.41
NLD,,ALL,1975,11.41
DNK,,ALL,1976,11.84
,CARINFONET,ALL,2008,3.49
BGR,,ALL,1977,10.52
SWE,,ALL,1980,7.65
POL,,ALL,1990,8.16
FIN,,ALL,1995,8.31
,SMALL,ALL,1970,7.31
KAZ,,ALL,1996,3.08
ALB,,ALL,1972,1.56
CYP,,ALL,2008,12.01
IRL,,ALL,2014,10.75
DEU,,ALL,1992,13.84
AUT,,ALL,2002,12.5
DEU,,ALL,1993,13.5
MDA,,ALL,2002,6.71
,NORDIC,ALL,1975,8.63
MNE,,ALL,2007,4.98
SRB,,ALL,2000,7.38
PRT,,ALL,2006,13.11
CHE,,ALL,1980,14.25
,EU_MEMBERS,ALL,2004,11.26
LVA,,ALL,1994,9.59
LUX,,ALL,1994,13.61
CHE,,ALL,2013,9.73
GRC,,ALL,1978,11.39
KAZ,,ALL,2007,7.44
UZB,,ALL,1997,1.67
HUN,,ALL,2007,12.55
HUN,,ALL,2008,11.64
POL,,ALL,1982,8.54
,SEEHN,ALL,2003,7.29
BLR,,ALL,2014,13.94
,CIS,ALL,2010,8.6
,EU_AFTER_MAY2004,ALL,1980,12.18
NLD,,ALL,1972,8.76
CHE,,ALL,2010,10.01
NLD,,ALL,2010,9.33
MLT,,ALL,1997,6.46
ALB,,ALL,1970,1.77
UKR,,ALL,1982,6.96
ITA,,ALL,1987,11.76
ITA,,ALL,1988,11.41
UKR,,ALL,1984,7.08
POL,,ALL,1987,9.41
GBR,,ALL,2014,10.37
LUX,,ALL,1979,18.03
AND,,ALL,2001,11.59
SWE,,ALL,1982,7.29
,EU_BEFORE_MAY2004,ALL,1994,11.59
,EU_AFTER_MAY2004,ALL,1978,12.16
SRB,,ALL,2009,9.85
ISR,,ALL,1981,2.8
,SMALL,ALL,2009,9.34
DNK,,ALL,1981,12.09
,EU_AFTER_MAY2004,ALL,2006,10.77
DNK,,ALL,1989,11.65
,EU_AFTER_MAY2004,ALL,1998,9.95
CZE,,ALL,1975,13.33
LUX,,ALL,2000,13.14
LUX,,ALL,1997,13.03
CHE,,ALL,1977,14.04
,WHO_EURO,ALL,1994,8.97
POL,,ALL,1974,9.01
,SMALL,ALL,1986,7.98
BLR,,ALL,1987,5.71
BLR,,ALL,2008,14.67
RUS,,ALL,2013,10.58
LTU,,ALL,1985,11.56
CHE,,ALL,2007,10.44
FIN,,ALL,1985,8.02
,EU_AFTER_MAY2004,ALL,2012,10.95
ALB,,ALL,1977,1.37
BIH,,ALL,2005,4.56
NLD,,ALL,1971,8.09
CHE,,ALL,2011,9.99
CHE,,ALL,1993,12.33
POL,,ALL,2011,10.93
UZB,,ALL,1999,1.71
,SEEHN,ALL,2009,8.27
,CIS,ALL,2013,8.34
SRB,,ALL,2007,9.3
UKR,,ALL,1975,7.48
,EU_AFTER_MAY2004,ALL,1981,12.32
NLD,,ALL,1974,10.34
,CARINFONET,ALL,2003,3.01
LTU,,ALL,2013,15.04
SWE,,ALL,1984,6.82
TUR,,ALL,1982,1.26
,SMALL,ALL,1972,7.48
CYP,,ALL,2001,10.16
LVA,,ALL,1991,6.74
IRL,,ALL,1985,11.62
SVN,,ALL,1988,14.96
UKR,,ALL,1989,5.32
ARM,,ALL,1997,2.84
LUX,,ALL,1985,15.74
ALB,,ALL,1997,2.22
SRB,,ALL,2002,6.95
TKM,,ALL,2003,2.88
TKM,,ALL,2010,2.48
LVA,,ALL,2002,7.44
BIH,,ALL,2001,3.85
,WHO_EURO,ALL,1993,9.11
FRA,,ALL,2012,11.5
,EU_BEFORE_MAY2004,ALL,1980,15.21
RUS,,ALL,1986,5.29
ITA,,ALL,2011,6.98
HUN,,ALL,1999,12.09
CHE,,ALL,1988,14.03
ISR,,ALL,2010,2.63
SVK,,ALL,2003,9.85
UZB,,ALL,2002,1.47
,SEEHN,ALL,2004,7.91
,EU_MEMBERS,ALL,2006,11.02
FIN,,ALL,1990,9.53
SWE,,ALL,1976,8.78
,CIS,ALL,2003,8.18
SRB,,ALL,2004,7.42
MDA,,ALL,2010,8.25
MKD,,ALL,2005,1.75
LUX,,ALL,1974,18.54
,CARINFONET,ALL,2009,3.31
NLD,,ALL,1973,9.77
AND,,ALL,2000,12.36
SWE,,ALL,1979,8.08
CHE,,ALL,2009,10.15
,CARINFONET,ALL,2007,3.4
POL,,ALL,1991,8.63
MLT,,ALL,1972,2.89
ISR,,ALL,1993,2.18
ITA,,ALL,1990,10.99
POL,,ALL,1992,8.27
FIN,,ALL,1997,8.56
FIN,,ALL,1998,8.6
MKD,,ALL,2002,2.53
POL,,ALL,1999,8.22
PRT,,ALL,2002,12
ALB,,ALL,1998,1.54
,NORDIC,ALL,1981,8.1
CZE,,ALL,1979,13.17
,EU_AFTER_MAY2004,ALL,2009,11.1
LUX,,ALL,1996,13.31
CHE,,ALL,2002,10.85
LUX,,ALL,1995,13.61
ISR,,ALL,1989,2.03
MLT,,ALL,2007,7.45
,EU_MEMBERS,ALL,1995,11.21
,EU_MEMBERS,ALL,1999,10.83
ISL,,ALL,1999,5.89
CHE,,ALL,1989,13.86
,SEEHN,ALL,1999,7.58
,EU_AFTER_MAY2004,ALL,2013,11.23
,CIS,ALL,2011,8.7
FIN,,ALL,1986,8.51
SVN,,ALL,1982,19.5
MKD,,ALL,2014,1.13
,EU_BEFORE_MAY2004,ALL,2004,11.44
NLD,,ALL,2012,9.05
NLD,,ALL,2007,9.53
HRV,,ALL,1991,13.69
TKM,,ALL,2000,2.9
LUX,,ALL,1973,19.07
,EU_AFTER_MAY2004,ALL,1970,9.78
UKR,,ALL,1981,7.48
NLD,,ALL,2005,9.69
NLD,,ALL,2013,8.68
GBR,,ALL,2004,12.22
BGR,,ALL,2010,10.8
PRT,,ALL,1986,13.49
KGZ,,ALL,1994,2.98
KGZ,,ALL,1997,2.64
UKR,,ALL,1987,4.01
,EU_AFTER_MAY2004,ALL,1977,11.73
CYP,,ALL,2004,13.03
KAZ,,ALL,1998,3.89
SVN,,ALL,1991,13.18
MKD,,ALL,2010,1.47
DNK,,ALL,1986,12.26
,EU_AFTER_MAY2004,ALL,1993,10.71
LVA,,ALL,2001,6.68
TKM,,ALL,2013,2.93
AZE,,ALL,2005,0.73
CHE,,ALL,1978,14.16
,SMALL,ALL,1984,7.87
MKD,,ALL,2003,2.4
NLD,,ALL,1983,11.22
CYP,,ALL,1994,9.53
CHE,,ALL,1981,14.58
,EU_BEFORE_MAY2004,ALL,1989,12.68
LTU,,ALL,1987,6.22
LTU,,ALL,1986,8.04
FIN,,ALL,1982,7.92
POL,,ALL,1984,8.31
,CIS,ALL,2009,8.7
,EU_MEMBERS,ALL,2005,10.99
,SEEHN,ALL,2001,7.92
EST,,ALL,2002,11.48
HUN,,ALL,2009,11.46
HUN,,ALL,2010,10.78
,SEEHN,ALL,2007,8.36
BEL,,ALL,2005,12.27
,EU_AFTER_MAY2004,ALL,1982,11.41
,SEEHN,ALL,2010,7.63
BEL,,ALL,1987,13.16
POL,,ALL,1988,9.52
IRL,,ALL,2012,11.49
NLD,,ALL,2002,9.68
MLT,,ALL,2000,5.59
HUN,,ALL,1992,14.82
ISR,,ALL,1974,4.74
GEO,,ALL,2002,2.72
IRL,,ALL,2004,13.32
NOR,,ALL,1976,5.84
FRA,,ALL,2011,11.8
BLR,,ALL,1980,13.23
ISR,,ALL,1985,2.69
ISR,,ALL,1987,2.26
ALB,,ALL,1996,3.12
LUX,,ALL,1992,14.18
,NORDIC,ALL,1982,8.12
CZE,,ALL,1976,13.62
TKM,,ALL,1998,1.62
ALB,,ALL,1980,1.79
GRC,,ALL,1975,10.88
CHE,,ALL,1976,13.96
BGR,,ALL,1989,11.43
GRC,,ALL,1972,10.43
LVA,,ALL,2003,8.24
DNK,,ALL,2001,11.56
HUN,,ALL,2005,12.94
HUN,,ALL,2006,13.16
CZE,,ALL,1983,14.14
FIN,,ALL,1981,8.01
BLR,,ALL,2011,17.31
,SEEHN,ALL,1997,8.99
,CIS,ALL,2005,8.59
GRC,,ALL,1993,10.67
SVN,,ALL,1981,16.94
GRC,,ALL,1995,10.09
BLR,,ALL,1996,10.45
GRC,,ALL,1990,10.33
BEL,,ALL,2009,10.05
ITA,,ALL,1980,16.73
ITA,,ALL,1982,14.5
,CIS,ALL,2012,8.65
UKR,,ALL,1980,7.67
PRT,,ALL,1982,16.99
ISR,,ALL,1978,3.52
RUS,,ALL,2007,12.19
SWE,,ALL,1981,7.14
KAZ,,ALL,2001,5.75
IRL,,ALL,1971,11.13
,CARINFONET,ALL,2010,3.49
ISL,,ALL,1979,5.12
CYP,,ALL,2009,10.8
BLR,,ALL,1983,12.43
SVN,,ALL,1989,12.96
FIN,,ALL,2008,10.26
POL,,ALL,2006,10.4
,EU_AFTER_MAY2004,ALL,1994,10.32
LVA,,ALL,2000,7.13
SVN,,ALL,1999,7.9
SVN,,ALL,1998,8.31
,EU_AFTER_MAY2004,ALL,2010,10.65
GRC,,ALL,1971,10.39
BLR,,ALL,2001,10.74
ISL,,ALL,1988,5.47
BLR,,ALL,1989,7.98
,EU_MEMBERS,ALL,1996,11.02
,EU_MEMBERS,ALL,1998,10.9
ROU,,ALL,2012,9.58
FIN,,ALL,1983,7.94
BLR,,ALL,1998,11.72
BIH,,ALL,2010,4.54
,CIS,ALL,2007,9.3
LUX,,ALL,2003,12.61
HRV,,ALL,2008,12.06
ISL,,ALL,2003,6.61
,NORDIC,ALL,1992,8.23
HUN,,ALL,1987,15.7
,NORDIC,ALL,1994,8.2
HUN,,ALL,1988,15.34
CZE,,ALL,1986,13.01
,NORDIC,ALL,1996,8.01
BIH,,ALL,2008,5.13
CZE,,ALL,1987,13.2
HUN,,ALL,1989,16.29
SWE,,ALL,1978,8.06
ISR,,ALL,1990,1.84
GEO,,ALL,1997,2.62
KGZ,,ALL,1992,4.25
TUR,,ALL,1983,1.26
PRT,,ALL,2005,13.33
NOR,,ALL,1974,5.74
UKR,,ALL,1988,4.43
FIN,,ALL,1999,8.62
POL,,ALL,1998,8.32
BLR,,ALL,1984,12.7
SVN,,ALL,1993,14.31
,EU_AFTER_MAY2004,ALL,1991,10.44
,EU_AFTER_MAY2004,ALL,2008,11.81
TKM,,ALL,1996,1.71
,SMALL,ALL,1985,7.89
CYP,,ALL,1991,9.16
CZE,,ALL,1973,12.95
NOR,,ALL,1977,5.93
,EU_BEFORE_MAY2004,ALL,1978,15.29
POL,,ALL,1972,8.7
POL,,ALL,1973,8.67
POL,,ALL,1977,10.47
UZB,,ALL,1992,1.32
KAZ,,ALL,2006,7.08
MKD,,ALL,2011,1.16
,EU_BEFORE_MAY2004,ALL,1987,12.81
UZB,,ALL,1994,1.84
,EU_MEMBERS,ALL,2014,10.19
POL,,ALL,1983,8.25
,SEEHN,ALL,1998,8.19
POL,,ALL,1981,11.21
DNK,,ALL,1970,9.58
DNK,,ALL,1973,10.89
DNK,,ALL,1974,10.68
UZB,,ALL,1996,1.64
BEL,,ALL,1986,12.72
EST,,ALL,2003,11.64
BGR,,ALL,1978,11.27
GEO,,ALL,2014,6.13
,CIS,ALL,1994,6.86
KGZ,,ALL,1995,1.66
ISR,,ALL,1977,3.92
MLT,,ALL,1973,3.88
ISR,,ALL,1976,5
TKM,,ALL,2009,2.35
MDA,,ALL,2014,9.99
LVA,,ALL,1993,7.95
IRL,,ALL,1986,11.23
DEU,,ALL,1991,13.92
FIN,,ALL,2003,9.31
IRL,,ALL,2013,10.49
TKM,,ALL,1997,1.73
,EU_AFTER_MAY2004,ALL,1992,10.48
CZE,,ALL,1974,13.11
,EU_AFTER_MAY2004,ALL,1989,10.57
,NORDIC,ALL,2010,8.3
CZE,,ALL,2007,13.43
ISR,,ALL,1988,2.18
RUS,,ALL,1978,7.77
RUS,,ALL,1979,7.72
GRC,,ALL,1977,10.92
GRC,,ALL,1976,11.01
DNK,,ALL,2000,11.69
FIN,,ALL,1980,7.94
ITA,,ALL,2008,7.96
BLR,,ALL,1991,8.87
SRB,,ALL,2012,9.38
,CIS,ALL,1991,7.02
,CIS,ALL,2004,8.51
NLD,,ALL,1970,7.54
MLT,,ALL,1999,6.81
SWE,,ALL,1973,7.94
AUT,,ALL,2003,12.2
GRC,,ALL,1986,8.92
HRV,,ALL,1990,15.9
LUX,,ALL,1972,18.73
ITA,,ALL,1981,15.07
ITA,,ALL,1976,17.6
,EU_AFTER_MAY2004,ALL,1973,10.78
SWE,,ALL,1974,8.46
,EU_AFTER_MAY2004,ALL,1983,11.18
,EU_BEFORE_MAY2004,ALL,1992,12.03
PRT,,ALL,1987,12.35
IRL,,ALL,1970,10.58
PRT,,ALL,2010,12.25
MLT,,ALL,2004,6.53
IRL,,ALL,1973,13.11
RUS,,ALL,1971,8.5
KAZ,,ALL,1999,3.52
IRL,,ALL,1988,11.39
SRB,,ALL,2006,8.58
LUX,,ALL,1984,15.9
LUX,,ALL,1989,15.21
TKM,,ALL,2004,2.86
CZE,,ALL,1972,12.66
CZE,,ALL,1971,11.57
,SMALL,ALL,2010,9.38
LUX,,ALL,1993,13.74
BGR,,ALL,2003,11.19
SWE,,ALL,1996,6.9
DEU,,ALL,1994,13.37
,EU_MEMBERS,ALL,1994,11.3
ISL,,ALL,1992,4.64
ISL,,ALL,1998,5.47
BLR,,ALL,1995,9.35
LTU,,ALL,1990,7.05
CZE,,ALL,1982,14.12
HUN,,ALL,1984,16.82
RUS,,ALL,2014,10.12
,EU_BEFORE_MAY2004,ALL,2003,11.52
RUS,,ALL,2009,11.21
,EU_BEFORE_MAY2004,ALL,2002,11.5
SVK,,ALL,2002,10.78
CZE,,ALL,1985,14.24
,EU_MEMBERS,ALL,2007,11.03
ISL,,ALL,1997,5.1
LUX,,ALL,2010,11.36
CZE,,ALL,1988,12.84
,EU_MEMBERS,ALL,2009,10.41
ISL,,ALL,2007,7.53
CHE,,ALL,2014,9.61
FIN,,ALL,2013,8.97
HUN,,ALL,1990,16.15
DNK,,ALL,2014,9.64
TUR,,ALL,1981,1.54
KGZ,,ALL,1998,3.31
NOR,,ALL,1975,5.87
IRL,,ALL,1984,11.07
BGR,,ALL,2006,10.39
POL,,ALL,1997,8.51
,EU_AFTER_MAY2004,ALL,1988,10.85
FIN,,ALL,2004,9.89
PRT,,ALL,2004,13.45
LUX,,ALL,1991,14.26
,EU_AFTER_MAY2004,ALL,1990,10.81
NLD,,ALL,1981,11.25
SVN,,ALL,1997,11.22
DEU,,ALL,1989,14.64
POL,,ALL,1971,8.03
,WHO_EURO,ALL,2005,9.26
NOR,,ALL,1978,5.41
MLT,,ALL,2005,6.41
POL,,ALL,1975,8.62
,EU_BEFORE_MAY2004,ALL,1986,13.06
ISL,,ALL,1996,4.83
UZB,,ALL,1993,1.1
ITA,,ALL,2001,9.69
CHE,,ALL,1987,14.02
,EU_AFTER_MAY2004,ALL,2011,10.83
BLR,,ALL,2012,16.35
AZE,,ALL,1998,1.7
POL,,ALL,1979,10.62
EST,,ALL,2005,15.52
DNK,,ALL,1971,9.4
FIN,,ALL,1993,8.39
GBR,,ALL,1985,10.24
POL,,ALL,1989,9.33
BEL,,ALL,1983,13.55
NLD,,ALL,2004,9.56
ROU,,ALL,1992,11.34
ROU,,ALL,1993,12.92
BGR,,ALL,1979,10.91
AND,,ALL,2004,12.16
ISR,,ALL,1971,4.66
ISR,,ALL,1973,4.86
BEL,,ALL,2003,11.28
LVA,,ALL,1990,6.72
ROU,,ALL,1994,11.03
ARM,,ALL,1990,3.18
PRT,,ALL,1992,13.6
PRT,,ALL,1993,13.36
LUX,,ALL,1983,16.61
TUR,,ALL,2000,1.54
ITA,,ALL,2014,7.56
LUX,,ALL,1990,15.03
TKM,,ALL,1995,2
,EU_BEFORE_MAY2004,ALL,1975,16
,NORDIC,ALL,2014,7.87
RUS,,ALL,1974,7.54
BGR,,ALL,1987,10.91
BGR,,ALL,1986,11.47
RUS,,ALL,1984,8.98
GRC,,ALL,1973,10.67
RUS,,ALL,1985,7.61
,EU_BEFORE_MAY2004,ALL,1988,12.7
LVA,,ALL,2007,12.12
LVA,,ALL,2006,10.4
CYP,,ALL,2002,11.68
BLR,,ALL,1997,11.02
CYP,,ALL,2007,11.56
SWE,,ALL,1971,7.77
GRC,,ALL,1994,10.43
IRL,,ALL,2001,14.27
GRC,,ALL,1989,10.15
PRT,,ALL,1974,18.34
MDA,,ALL,2008,9.07
PRT,,ALL,2003,14.21
ITA,,ALL,1978,16.53
SWE,,ALL,1975,8.69
RUS,,ALL,1999,10.7
PRT,,ALL,1980,14.91
,EU_BEFORE_MAY2004,ALL,1974,15.9
ESP,,ALL,1972,16.33
GRC,,ALL,2013,7.46
PRT,,ALL,1984,16.37
BGR,,ALL,2013,12.06
UKR,,ALL,1985,6.62
KAZ,,ALL,2008,7.6
NLD,,ALL,1977,11.07
ARM,,ALL,1994,4.34
BEL,,ALL,1993,11.66
CYP,,ALL,2011,10.69
BEL,,ALL,2002,11.29
MKD,,ALL,2000,2.86
FIN,,ALL,2009,9.96
ITA,,ALL,1999,8.86
ARM,,ALL,1995,2.98
ITA,,ALL,1997,9.12
ITA,,ALL,1996,9.13
SRB,,ALL,2014,9.09
TUR,,ALL,2003,1.42
GRC,,ALL,2006,9.42
BLR,,ALL,1986,7.57
,EU_MEMBERS,ALL,1992,11.67
ISL,,ALL,1995,4.71
ISL,,ALL,1994,4.57
KAZ,,ALL,2009,6.64
RUS,,ALL,2003,11.32
,NORDIC,ALL,1991,8.3
LTU,,ALL,1993,3.88
LTU,,ALL,1989,8.14
LTU,,ALL,2009,12.4
,EU_BEFORE_MAY2004,ALL,2000,11.45
MKD,,ALL,2001,3.27
,NORDIC,ALL,1993,8.09
CHE,,ALL,2003,10.82
LUX,,ALL,2007,11.75
LUX,,ALL,2008,11.53
,NORDIC,ALL,1995,8.11
AZE,,ALL,2002,0.55
MLT,,ALL,2008,7.14
ISR,,ALL,2003,2.32
ISL,,ALL,2006,7.2
DNK,,ALL,2010,10.28
HUN,,ALL,1991,15.43
TUR,,ALL,1979,0.81
SVK,,ALL,2011,10.24
KGZ,,ALL,1999,1.69
BIH,,ALL,1995,8.47
SWE,,ALL,1985,6.9
SWE,,ALL,1988,7.31
SWE,,ALL,1989,7.47
BLR,,ALL,1982,12.67
,EU_MEMBERS,ALL,1980,14.51
PRT,,ALL,1997,11.81
GRC,,ALL,1970,10.33
ITA,,ALL,1998,8.98
NLD,,ALL,1980,11.33
CYP,,ALL,1988,9.61
CYP,,ALL,1989,9.29
CZE,,ALL,2009,13.23
FIN,,ALL,1972,6.8
,EU_BEFORE_MAY2004,ALL,1977,15.3
DNK,,ALL,2006,11.02
CHE,,ALL,1979,14.06
,EU_BEFORE_MAY2004,ALL,1985,13.42
CHE,,ALL,1985,14.37
HUN,,ALL,1981,16.73
CHE,,ALL,1983,14.41
HUN,,ALL,1994,13.71
UZB,,ALL,1995,1.9
AZE,,ALL,1999,1.16
,EU_MEMBERS,ALL,2012,10.24
POL,,ALL,1986,9.18
GBR,,ALL,1983,10.1
CHE,,ALL,1995,11.45
GBR,,ALL,1980,10.71
DNK,,ALL,1972,10.1
FIN,,ALL,1992,8.88
GBR,,ALL,1984,10.16
NLD,,ALL,2000,10.06
NLD,,ALL,2003,9.56
NLD,,ALL,2001,9.95
,SMALL,ALL,2003,8.68
AND,,ALL,2002,12.63
MLT,,ALL,1971,3.28
TUR,,ALL,2009,1.4
BEL,,ALL,2006,10.98
ISR,,ALL,1980,2.92
BEL,,ALL,2001,11.01
KAZ,,ALL,1994,8.78
,SMALL,ALL,2008,9.4
,EU_AFTER_MAY2004,ALL,1987,10.95
IRL,,ALL,1987,10.99
SVN,,ALL,2013,9.53
CHE,,ALL,2000,11.26
TUR,,ALL,1992,1.31
RUS,,ALL,1973,8.05
BEL,,ALL,1995,11.04
BGR,,ALL,1982,11.2
MLT,,ALL,1980,5.38
RUS,,ALL,1977,7.67
FRA,,ALL,2014,11.5
,EU_MEMBERS,ALL,1981,14.03
TKM,,ALL,1999,1.63
BGR,,ALL,2000,9.69
,CIS,ALL,1998,7.1
,CIS,ALL,1997,6.74
DNK,,ALL,2003,11.54
BLR,,ALL,1994,9.86
LVA,,ALL,2013,10.37
,CIS,ALL,1990,6.54
LVA,,ALL,2011,10.14
HRV,,ALL,1996,11.1
PRT,,ALL,1977,13.74
ARM,,ALL,2005,4.25
BLR,,ALL,1999,12.72
MDA,,ALL,2013,10.49
BGR,,ALL,2014,12.03
RUS,,ALL,1998,9.87
ITA,,ALL,1975,18.32
RUS,,ALL,1991,8.05
BLR,,ALL,2002,12.23
PRT,,ALL,2011,11.92
FRA,,ALL,1970,21.77
PRT,,ALL,1985,13.93
KAZ,,ALL,2003,6.58
ISR,,ALL,1994,1.72
ISR,,ALL,1992,1.81
ISL,,ALL,1974,5.3
PRT,,ALL,1990,14.35
KAZ,,ALL,2013,6.48
,EU_BEFORE_MAY2004,ALL,1998,11.18
EST,,ALL,2006,16.58
ARM,,ALL,1998,1.9
,EU_MEMBERS,ALL,1979,14.55
FIN,,ALL,2005,9.95
CHE,,ALL,2012,9.86
LUX,,ALL,1988,15.11
LUX,,ALL,1986,15.3
PRT,,ALL,1998,11.67
GRC,,ALL,2007,9.67
IRL,,ALL,1989,11.79
ALB,,ALL,2011,5.37
BLR,,ALL,1985,11.41
,EU_MEMBERS,ALL,1993,11.5
ISL,,ALL,1993,4.35
,EU_AFTER_MAY2004,ALL,2000,10.04
,EU_AFTER_MAY2004,ALL,2001,9.92
LUX,,ALL,2004,12.42
LTU,,ALL,2010,12.9
LTU,,ALL,2007,13.4
,WHO_EURO,ALL,1996,8.7
,EU_BEFORE_MAY2004,ALL,2001,11.3
UKR,,ALL,2009,8.71
DNK,,ALL,2013,9.5
CZE,,ALL,1984,14.29
LUX,,ALL,2009,11.42
HRV,,ALL,2011,12.19
LUX,,ALL,2006,11.98
MLT,,ALL,2013,8.58
ISL,,ALL,2005,7.05
,EU_MEMBERS,ALL,2010,10.28
AZE,,ALL,2011,1.98
MLT,,ALL,2009,7.38
KGZ,,ALL,1990,4.53
NOR,,ALL,2011,6.53
TUR,,ALL,1980,1.15
SVK,,ALL,2013,9.89
BIH,,ALL,1997,10
,WHO_EURO,ALL,2014,8.57
ROU,,ALL,2011,9.1
TUR,,ALL,1990,1.02
SWE,,ALL,1990,7.41
PRT,,ALL,1995,12.8
KAZ,,ALL,2000,6
MKD,,ALL,2004,2.07
TUR,,ALL,1991,1.21
UKR,,ALL,1990,5.67
CZE,,ALL,1998,14.26
CZE,,ALL,2005,13.19
,WHO_EURO,ALL,2003,9.27
,WHO_EURO,ALL,2004,9.37
CYP,,ALL,1992,10.38
,EU_BEFORE_MAY2004,ALL,1979,15.32
,EU_BEFORE_MAY2004,ALL,1981,14.54
,EU_BEFORE_MAY2004,ALL,1984,13.7
CHE,,ALL,1982,14.71
BEL,,ALL,1975,13.46
AZE,,ALL,1992,4.31
HUN,,ALL,1985,16.74
BLR,,ALL,2000,12.98
FIN,,ALL,1979,7.84
BGR,,ALL,1973,10.14
POL,,ALL,1980,10.66
TJK,,ALL,2011,0.32
ARM,,ALL,1992,2.52
CYP,,ALL,2012,10.55
GBR,,ALL,1979,11.24
GEO,,ALL,2010,7.24
BEL,,ALL,1985,13.14
BGR,,ALL,1974,10.22
ARM,,ALL,1991,2.98
ROU,,ALL,1991,9.63
AUT,,ALL,2007,12.5
,SMALL,ALL,2002,8.87
,SMALL,ALL,2000,8.22
SVN,,ALL,2000,11.9
SVN,,ALL,2004,10
,CIS,ALL,1993,6.92
,CIS,ALL,1996,6.62
,NORDIC,ALL,2009,8.39
,NORDIC,ALL,2006,8.27
BEL,,ALL,1989,11.61
FIN,,ALL,1971,6.39
,SMALL,ALL,1982,7.85
LVA,,ALL,1999,8.84
BEL,,ALL,2014,12.6
,NORDIC,ALL,2013,7.91
TKM,,ALL,2001,2.35
BEL,,ALL,1997,10.92
ESP,,ALL,2003,12.09
GBR,,ALL,2005,12.05
RUS,,ALL,1976,7.68
,SMALL,ALL,2013,8.64
BGR,,ALL,1991,9.47
BLR,,ALL,1988,4.55
,CIS,ALL,2001,7.42
MDA,,ALL,2007,9.66
PRT,,ALL,2008,12.35
IRL,,ALL,2008,12.66
DNK,,ALL,2004,11.27
SRB,,ALL,2013,9.16
SWE,,ALL,1970,7.86
IRL,,ALL,2003,13.24
EST,,ALL,2000,7.9
MKD,,ALL,2007,1.75
LUX,,ALL,1971,18.99
PRT,,ALL,2001,12.22
CHE,,ALL,2004,10.55
ITA,,ALL,1979,16.49
PRT,,ALL,1981,15.38
PRT,,ALL,1979,14.19
PRT,,ALL,1978,14.02
PRT,,ALL,2007,12.57
FRA,,ALL,1971,21.44
FRA,,ALL,1972,21.2
,EU_BEFORE_MAY2004,ALL,1991,12.25
,EU_BEFORE_MAY2004,ALL,1993,11.74
ISL,,ALL,1972,5.04
ISR,,ALL,1991,1.73
,EU_AFTER_MAY2004,ALL,1976,11.18
NLD,,ALL,1976,10.53
SWE,,ALL,1987,7.07
DNK,,ALL,1977,11.43
DNK,,ALL,1978,10.91
IRL,,ALL,1983,10.87
,EU_MEMBERS,ALL,1990,12.22
ITA,,ALL,1995,9.62
LUX,,ALL,1987,15.23
GRC,,ALL,2001,8.62
GBR,,ALL,1993,9.45
GBR,,ALL,1989,9.99
LVA,,ALL,1984,12.35
IRL,,ALL,1990,11.45
CZE,,ALL,2013,12.45
LVA,,ALL,1986,7.79
ISL,,ALL,1989,5.35
ALB,,ALL,2004,4.54
ISL,,ALL,2000,6.17
LTU,,ALL,1991,8.03
LTU,,ALL,1984,13.01
ISL,,ALL,2001,6.37
BIH,,ALL,1999,8.57
SWE,,ALL,2009,7.3
UKR,,ALL,2011,8.48
UKR,,ALL,2004,6.79
MLT,,ALL,2006,8.84
MLT,,ALL,2010,7.91
LUX,,ALL,2005,11.84
MLT,,ALL,2003,6.7
NOR,,ALL,2005,6.37
KGZ,,ALL,1986,3.42
KGZ,,ALL,1988,3.51
TUR,,ALL,1971,0.55
AZE,,ALL,2009,2.1
CZE,,ALL,1989,13.01
KGZ,,ALL,1993,2
GEO,,ALL,1994,5.39
CYP,,ALL,1978,5.69
DNK,,ALL,2011,10.47
AZE,,ALL,2010,1.98
BIH,,ALL,1996,9.68
NOR,,ALL,1973,5.4
PRT,,ALL,1991,13.99
IRL,,ALL,1982,11.9
ITA,,ALL,2010,6.95
NOR,,ALL,1979,5.83
,EU_BEFORE_MAY2004,ALL,1970,15.03
DEU,,ALL,1988,14.61
DEU,,ALL,1987,14.82
DEU,,ALL,1986,14.72
CZE,,ALL,2004,13.24
FIN,,ALL,1970,5.84
CZE,,ALL,2008,13.25
CYP,,ALL,1993,9.41
BEL,,ALL,1973,13.81
FIN,,ALL,1976,8.09
AZE,,ALL,1991,2.88
BLR,,ALL,2005,11.01
RUS,,ALL,2001,10.47
FIN,,ALL,1978,7.89
CHE,,ALL,1986,14.07
BGR,,ALL,1972,9.18
BLR,,ALL,2006,12.6
POL,,ALL,2010,10.59
,CIS,ALL,1992,6.32
TKM,,ALL,2011,2.55
TJK,,ALL,2008,0.32
GBR,,ALL,1982,9.91
GBR,,ALL,1981,10.27
IRL,,ALL,2010,11.88
DEU,,ALL,2009,11.22
ROU,,ALL,1990,10.86
MDA,,ALL,2004,12.27
ISR,,ALL,1972,4.91
,CARINFONET,ALL,2001,2.74
,SMALL,ALL,1998,7.98
,SMALL,ALL,1995,8.29
,SMALL,ALL,2001,8.35
ISR,,ALL,1975,5.09
ISR,,ALL,1979,3.05
RUS,,ALL,1970,8.63
SVN,,ALL,2005,11.14
KAZ,,ALL,1992,10.96
,SMALL,ALL,1983,7.83
BGR,,ALL,1985,10.92
ISR,,ALL,1986,2.26
POL,,ALL,1995,8.01
BEL,,ALL,1996,10.94
LTU,,ALL,2014,15.19
BEL,,ALL,1991,11.44
BGR,,ALL,1983,10.96
MLT,,ALL,1976,5.32
MLT,,ALL,1989,7.13
BGR,,ALL,1992,10.15
SWE,,ALL,2012,7.4
BEL,,ALL,2007,10.25
,EU_MEMBERS,ALL,2000,11.14
,CIS,ALL,2000,7.4
,WHO_EURO,ALL,1999,8.86
TKM,,ALL,2012,2.75
PRT,,ALL,1970,19.89
BLR,,ALL,1993,10.23
DNK,,ALL,2005,11.28
SWE,,ALL,1972,8.05
GRC,,ALL,1987,9.82
PRT,,ALL,1975,19.55
PRT,,ALL,2000,11.89
ITA,,ALL,1974,19.65
PRT,,ALL,2013,10
RUS,,ALL,1997,9.25
RUS,,ALL,1993,8.36
KAZ,,ALL,2002,5.99
GRC,,ALL,2000,8.48
DEU,,ALL,1971,16.54
,EU_MEMBERS,ALL,1978,14.57
GRC,,ALL,2002,8.09
GRC,,ALL,2009,9.08
ALB,,ALL,2012,5.14
KAZ,,ALL,2010,6.83
ISL,,ALL,1978,4.8
ALB,,ALL,2008,5.61
ISL,,ALL,1975,4.75
PRT,,ALL,1989,14.64
ESP,,ALL,2001,9.86
ALB,,ALL,2013,4.76
BLR,,ALL,1981,13.2
IRL,,ALL,1977,13.56
PRT,,ALL,1996,12.09
SWE,,ALL,1994,7.71
SWE,,ALL,1995,7.33
GRC,,ALL,2010,9
GBR,,ALL,1988,9.94
TJK,,ALL,1994,1.28
,WHO_EURO,ALL,1974,11.37
LVA,,ALL,1989,7.51
DEU,,ALL,1997,13
DEU,,ALL,1998,12.74
ALB,,ALL,2006,5.31
,WHO_EURO,ALL,1991,9.34
,EU_AFTER_MAY2004,ALL,2003,10.29
ISL,,ALL,2002,6.61
LTU,,ALL,2011,12.66
ESP,,ALL,1998,11.51
TUR,,ALL,2011,1.53
SVK,,ALL,2014,10.6
SVK,,ALL,2010,10.13
ISL,,ALL,2004,6.79
,EU_BEFORE_MAY2004,ALL,2005,11.2
HUN,,ALL,2000,12.22
HRV,,ALL,2010,12.1
KAZ,,ALL,2011,6.63
,EU_MEMBERS,ALL,1972,14.21
DNK,,ALL,2007,10.99
PRT,,ALL,1999,13.18
AUT,,ALL,2010,12.1
TUR,,ALL,1974,0.59
,NORDIC,ALL,1997,8.19
,NORDIC,ALL,1999,8.02
SVK,,ALL,2006,10.28
,SMALL,ALL,1976,7.8
DNK,,ALL,2008,10.7
MLT,,ALL,2011,6.91
MLT,,ALL,2001,5.62
IRL,,ALL,1981,12.51
,SMALL,ALL,1979,7.98
,SMALL,ALL,1981,7.89
NLD,,ALL,1982,11.04
HRV,,ALL,1999,12.15
ROU,,ALL,2003,8.78
,WHO_EURO,ALL,2000,8.99
,WHO_EURO,ALL,2002,9.09
DEU,,ALL,1985,15.14
AUT,,ALL,1982,13.5
DEU,,ALL,2006,11.76
UKR,,ALL,1995,3.72
SVK,,ALL,1991,13.24
HUN,,ALL,1971,12.79
AZE,,ALL,1990,2.92
RUS,,ALL,2010,11.05
POL,,ALL,1976,9.45
HUN,,ALL,1979,15.59
HRV,,ALL,2001,13.15
FIN,,ALL,1977,8.15
BGR,,ALL,1971,8.88
SWE,,ALL,2011,7.4
POL,,ALL,1978,10.99
GEO,,ALL,2005,4.7
BEL,,ALL,1982,13.72
BEL,,ALL,1979,13.56
GEO,,ALL,2009,6.66
GBR,,ALL,1978,10.89
KGZ,,ALL,2001,2.62
DEU,,ALL,2007,11.5
RUS,,ALL,1990,7.37
KGZ,,ALL,1985,7.08
,SEEHN,ALL,1992,8.87
,CARINFONET,ALL,2000,2.8
ROU,,ALL,1984,10.14
,SMALL,ALL,1994,8.28
TUR,,ALL,2008,1.39
DEU,,ALL,2014,11.03
TKM,,ALL,2014,2.9
,NORDIC,ALL,2008,8.43
ARM,,ALL,1999,2.16
ARM,,ALL,1993,2.71
GEO,,ALL,2012,7.71
POL,,ALL,1996,7.91
BGR,,ALL,1988,11.17
RUS,,ALL,1972,8.16
LVA,,ALL,1996,8.37
ISL,,ALL,1985,5.34
MLT,,ALL,1974,4.06
BGR,,ALL,1981,11.34
FRA,,ALL,2013,11.1
SVN,,ALL,2014,10.46
ESP,,ALL,2010,9.78
BEL,,ALL,2011,10.11
CYP,,ALL,2013,9.04
GRC,,ALL,1981,12.04
BGR,,ALL,1998,7.86
MDA,,ALL,2012,10.68
,EU_MEMBERS,ALL,1988,12.26
,SEEHN,ALL,2014,7.85
,CIS,ALL,2002,7.73
AUT,,ALL,2005,12.4
DNK,,ALL,2002,11.34
EST,,ALL,1992,7.84
MLT,,ALL,1998,6.7
TKM,,ALL,2005,2.85
LUX,,ALL,1970,18.65
BLR,,ALL,2003,11.17
PRT,,ALL,1976,16.87
SWE,,ALL,2013,7.3
,EU_AFTER_MAY2004,ALL,1979,12.01
,SEEHN,ALL,1995,9.07
KGZ,,ALL,1987,3.01
ESP,,ALL,1971,15.11
GEO,,ALL,1993,6.52
ISL,,ALL,1971,4.88
ISL,,ALL,1970,4.57
PRT,,ALL,1983,15.88
ISL,,ALL,1973,5.19
NOR,,ALL,1983,4.85
NOR,,ALL,1985,5.22
KAZ,,ALL,2012,6.82
SWE,,ALL,1986,7.21
AUT,,ALL,2012,12.26
PRT,,ALL,1994,13.26
ISL,,ALL,1986,5.47
ISL,,ALL,1987,5.64
,EU_BEFORE_MAY2004,ALL,1976,15.85
NOR,,ALL,1987,5.38
SVK,,ALL,1981,15.02
SVK,,ALL,1983,14.85
SWE,,ALL,1992,7.5
SWE,,ALL,1993,7.51
,EU_MEMBERS,ALL,1991,11.83
LVA,,ALL,1985,10.85
ISL,,ALL,1991,5.03
GRC,,ALL,2008,9.51
ALB,,ALL,2003,4.29
,WHO_EURO,ALL,1986,9.24
ROU,,ALL,2013,9.59
CZE,,ALL,2012,12.71
LTU,,ALL,2006,12.7
GRC,,ALL,2011,8.02
ESP,,ALL,2008,10.24
SWE,,ALL,2004,6.6
AZE,,ALL,2007,1.02
LTU,,ALL,1994,3.62
NOR,,ALL,2004,6.22
HUN,,ALL,2012,11.27
NOR,,ALL,2001,5.49
,CARINFONET,ALL,2002,2.8
GRC,,ALL,2003,9.46
,SEEHN,ALL,1990,9.13
KGZ,,ALL,1991,4.66
DEU,,ALL,2005,11.67
GEO,,ALL,1995,3.35
CYP,,ALL,1975,4.67
ROU,,ALL,1979,11.41
KGZ,,ALL,1996,2.53
,SMALL,ALL,1977,7.81
,SMALL,ALL,1978,7.88
ROU,,ALL,2009,10.4
NOR,,ALL,1972,5.3
TUR,,ALL,1989,0.72
,EU_BEFORE_MAY2004,ALL,1971,15.18
ROU,,ALL,2005,7.68
NOR,,ALL,2000,5.67
BEL,,ALL,1992,11.65
GEO,,ALL,2011,8.14
ESP,,ALL,1981,16.84
CZE,,ALL,1997,14.35
SVK,,ALL,1984,14.33
MDA,,ALL,1993,11.6
CZE,,ALL,2010,12.69
BEL,,ALL,1974,13.35
RUS,,ALL,1982,7.68
,SMALL,ALL,1988,8.55
UKR,,ALL,2012,8.44
KGZ,,ALL,2004,3.41
HUN,,ALL,1977,15.67
HRV,,ALL,2005,11.59
CHE,,ALL,1984,14.33
AUT,,ALL,1999,12.8
TJK,,ALL,2006,0.38
,SEEHN,ALL,1993,9.42
GBR,,ALL,1972,9.14
RUS,,ALL,2012,10.99
BGR,,ALL,1975,10.15
BGR,,ALL,1976,10.86
ROU,,ALL,1985,10.09
ITA,,ALL,1973,19.89
NLD,,ALL,1998,9.93
,EU_MEMBERS,ALL,1977,14.48
KGZ,,ALL,2006,2.48
SVK,,ALL,2012,10.12
,EU_BEFORE_MAY2004,ALL,2014,9.98
,SMALL,ALL,1993,8.24
,SMALL,ALL,1996,8
,SMALL,ALL,1992,8.58
KAZ,,ALL,1991,12.77
KAZ,,ALL,1997,3.4
KAZ,,ALL,1993,10.43
ROU,,ALL,1995,11.32
ROU,,ALL,1997,11.68
,NORDIC,ALL,2012,7.96
ISR,,ALL,1984,2.65
,NORDIC,ALL,2011,8.41
NLD,,ALL,2008,9.62
IRL,,ALL,1976,13.55
DEU,,ALL,1983,15.75
AND,,ALL,2011,10.57
MLT,,ALL,1979,5.73
MLT,,ALL,1986,5.33
RUS,,ALL,1975,7.68
MLT,,ALL,1985,4.91
RUS,,ALL,1983,8.46
,CIS,ALL,1999,7.5
GRC,,ALL,1979,11.59
ARM,,ALL,2013,3.79
,WHO_EURO,ALL,1995,9.21
LVA,,ALL,2008,11.84
BLR,,ALL,1990,7.85
BLR,,ALL,1992,8.7
LVA,,ALL,2010,9.8
MDA,,ALL,2003,8.15
MKD,,ALL,2008,1.72
FIN,,ALL,2012,9.24
KAZ,,ALL,2005,6.94
ITA,,ALL,1977,16.99
ITA,,ALL,1972,19.49
,CARINFONET,ALL,1995,2.79
NOR,,ALL,1999,5.45
KGZ,,ALL,2009,2.39
,EU_MEMBERS,ALL,1976,14.77
ISR,,ALL,1970,4.56
SVK,,ALL,2005,10.81
,EU_BEFORE_MAY2004,ALL,1990,12.66
ESP,,ALL,1973,17.98
ESP,,ALL,1976,17.93
ESP,,ALL,1975,18.53
ESP,,ALL,1979,17.71
AND,,ALL,2006,11.92
AUT,,ALL,2009,11.3
,EU_BEFORE_MAY2004,ALL,1996,11.29
ISL,,ALL,1984,5.37
IRL,,ALL,1980,13.19
GBR,,ALL,1990,9.96
CYP,,ALL,1985,7.93
,CIS,ALL,2014,8
ISL,,ALL,1977,5.09
CYP,,ALL,1984,7.61
CZE,,ALL,1996,13.95
TKM,,ALL,2008,2.4
LVA,,ALL,1983,12.33
GRC,,ALL,1980,13.21
BIH,,ALL,1990,11.87
TUR,,ALL,2001,1.49
ISL,,ALL,1990,5.1
ALB,,ALL,2001,4.25
,WHO_EURO,ALL,1990,9.41
CZE,,ALL,2014,12.68
ESP,,ALL,1999,11.27
FRA,,ALL,1996,13.77
AZE,,ALL,2006,0.85
AZE,,ALL,2004,0.62
ESP,,ALL,2009,9.99
DNK,,ALL,2009,10.08
NOR,,ALL,2007,6.6
,CARINFONET,ALL,1993,4.16
,EU_MEMBERS,ALL,1971,14.02
BEL,,ALL,1980,13.99
KGZ,,ALL,2010,2.73
FRA,,ALL,1997,13.31
MLT,,ALL,1970,3.65
LTU,,ALL,1996,7.13
GBR,,ALL,2011,10.68
CHE,,ALL,2005,10.15
,NORDIC,ALL,1998,7.96
GEO,,ALL,1999,2.06
ROU,,ALL,1977,9.61
ROU,,ALL,1978,10.47
SVK,,ALL,2008,11.37
ROU,,ALL,2010,9
ROU,,ALL,2007,10.6
CYP,,ALL,1986,8.33
CYP,,ALL,1987,8.88
POL,,ALL,1970,7.62
BEL,,ALL,1998,9.92
ROU,,ALL,1996,11.11
,SMALL,ALL,1974,7.44
TKM,,ALL,2007,2.58
KGZ,,ALL,2005,2.81
,EU_BEFORE_MAY2004,ALL,1972,15.33
ITA,,ALL,2003,9.3
,WHO_EURO,ALL,2006,9.36
,WHO_EURO,ALL,2009,8.98
,SMALL,ALL,1987,8.07
ITA,,ALL,2005,8.65
POL,,ALL,2013,11.63
BLR,,ALL,2013,14.66
POL,,ALL,2014,10.71
ITA,,ALL,2000,9.78
BEL,,ALL,1976,13.6
,EU_MEMBERS,ALL,2013,10.11
AZE,,ALL,1993,2.91
GBR,,ALL,1974,10.39
BEL,,ALL,1978,13.4
ROU,,ALL,1988,10.4
AUT,,ALL,2008,12
GBR,,ALL,1977,10.28
RUS,,ALL,1995,11.22
ITA,,ALL,1970,19.72
GBR,,ALL,2000,10.59
RUS,,ALL,2006,11.79
,SEEHN,ALL,1996,9.02
,EU_MEMBERS,ALL,1975,14.81
IRL,,ALL,2002,14.17
NOR,,ALL,2012,6.21
TUR,,ALL,2007,1.26
TUR,,ALL,2005,1.29
,SMALL,ALL,1999,8.13
KAZ,,ALL,1990,11.9
,CIS,ALL,1995,7.83
LVA,,ALL,1992,6.88
GEO,,ALL,2000,3.28
CYP,,ALL,2000,9.56
LVA,,ALL,1998,8.94
ALB,,ALL,2009,5.79
,EU_BEFORE_MAY2004,ALL,1999,11.2
ISL,,ALL,1981,5.05
CZE,,ALL,2001,13.36
ISR,,ALL,1996,1.62
MLT,,ALL,1975,4.25
,SMALL,ALL,2011,9.07
BGR,,ALL,1984,11.37
FRA,,ALL,2010,11.7
MLT,,ALL,1988,7.15
BGR,,ALL,1990,11.46
SRB,,ALL,2008,9.54
,EU_MEMBERS,ALL,1987,12.37
,EU_MEMBERS,ALL,1989,12.18
,EU_MEMBERS,ALL,2002,11.17
GRC,,ALL,1984,11.59
CYP,,ALL,2003,10.62
GRC,,ALL,1985,10.88
PRT,,ALL,1971,15.95
PRT,,ALL,1973,19.06
RUS,,ALL,1992,7.07
SWE,,ALL,2010,7.2
LVA,,ALL,2012,10.21
HUN,,ALL,2003,13.24
FRA,,ALL,2005,12.2
GRC,,ALL,2014,7.53
DEU,,ALL,2012,11.18
,CARINFONET,ALL,1992,4.73
NLD,,ALL,1999,10.06
KGZ,,ALL,1989,4.29
ESP,,ALL,1970,15.25
TUR,,ALL,1976,0.77
KAZ,,ALL,2014,6.29
GRC,,ALL,2012,8.2
ALB,,ALL,2000,3.66
AND,,ALL,2013,9.98
,EU_BEFORE_MAY2004,ALL,1997,11.31
AUT,,ALL,2011,12.04
AUT,,ALL,2014,12.32
ISL,,ALL,1982,4.92
ROU,,ALL,2004,9.82
ISR,,ALL,2011,2.67
ROU,,ALL,2002,9.62
IRL,,ALL,1978,13.86
,EU_BEFORE_MAY2004,ALL,1973,16.03
AUT,,ALL,1979,13.4
AUT,,ALL,1978,14
ISR,,ALL,1999,2
LVA,,ALL,1987,5.75
,WHO_EURO,ALL,1978,11.26
EST,,ALL,1993,8.1
DEU,,ALL,1999,12.78
ESP,,ALL,1997,11.6
DEU,,ALL,2001,12.46
TUR,,ALL,2012,1.54
AZE,,ALL,2013,2.14
LTU,,ALL,2005,12.3
ESP,,ALL,1990,12.91
TUR,,ALL,2014,1.45
IRL,,ALL,1999,14.17
FRA,,ALL,1999,13.15
LTU,,ALL,1992,3.97
NOR,,ALL,2008,6.75
ROU,,ALL,1989,8.67
AND,,ALL,2009,10.9
MDA,,ALL,2009,8.45
,WHO_EURO,ALL,1982,10.59
AUT,,ALL,2004,12.1
,CARINFONET,ALL,1994,4.06
,SEEHN,ALL,1994,9.07
GEO,,ALL,1991,3.17
,SMALL,ALL,1997,7.83
CYP,,ALL,1974,4.27
CYP,,ALL,1977,5.21
SVK,,ALL,1976,13.66
ROU,,ALL,1975,9.68
DNK,,ALL,2012,9.26
TUR,,ALL,1985,0.98
,SMALL,ALL,1980,7.91
,WHO_EURO,ALL,2001,8.91
BEL,,ALL,1999,10.1
,NORDIC,ALL,2007,8.5
ROU,,ALL,1998,10.01
NOR,,ALL,2015,5.97
IRL,,ALL,1974,13.67
HRV,,ALL,1995,10.91
ROU,,ALL,1999,8.99
HRV,,ALL,2012,11.49
UKR,,ALL,1994,4.21
UKR,,ALL,1991,5.86
HUN,,ALL,1970,12.4
RUS,,ALL,1981,7.66
AUT,,ALL,1989,13.9
AUT,,ALL,1990,13.9
UKR,,ALL,2013,8.44
BEL,,ALL,1977,13.47
AZE,,ALL,1995,1.23
ROU,,ALL,1981,10.48
AUT,,ALL,1997,12.9
HRV,,ALL,2013,12.39
GBR,,ALL,2013,10.32
BEL,,ALL,1981,13.25
AND,,ALL,2012,10.28
RUS,,ALL,1996,9.21
SWE,,ALL,2014,7.3
NOR,,ALL,2002,5.89
ROU,,ALL,1987,10.29
AUT,,ALL,2000,13.2
IRL,,ALL,2000,14.07
ISL,,ALL,2010,8.25
,SEEHN,ALL,1991,8.42
UZB,,ALL,2010,2.73
TUR,,ALL,2006,1.29
FIN,,ALL,2010,9.72
SVK,,ALL,1999,12.13
SVK,,ALL,1997,13.09
,SMALL,ALL,2007,8.96
,SMALL,ALL,2006,9.24
,SMALL,ALL,2004,9.33
LVA,,ALL,1995,9.08
,EU_AFTER_MAY2004,ALL,1975,10.83
IRL,,ALL,1979,13.83
ISL,,ALL,1983,5.11
TKM,,ALL,2006,2.71
CYP,,ALL,1983,7.46
TJK,,ALL,1992,2.4
HRV,,ALL,1998,13.84
MLT,,ALL,1977,5
SVN,,ALL,2012,10.95
BGR,,ALL,1993,9.86
ESP,,ALL,2011,9.62
LUX,,ALL,2014,11.12
IRL,,ALL,2011,11.72
CYP,,ALL,2006,11.47
,EU_MEMBERS,ALL,1986,12.6
BEL,,ALL,2012,10.08
LVA,,ALL,2005,9.92
GRC,,ALL,1988,10.1
LUX,,ALL,2011,11.5
LUX,,ALL,2013,11.02
MLT,,ALL,1996,7.22
PRT,,ALL,1972,16.18
ITA,,ALL,1971,19.56
ESP,,ALL,2006,11.86
UZB,,ALL,2006,1.96
AUT,,ALL,2001,12.4
UKR,,ALL,2001,4.31
ESP,,ALL,1991,12.8
FRA,,ALL,1994,14.11
NLD,,ALL,1997,10.05
SVK,,ALL,2009,10.63
DEU,,ALL,2010,11.2
SVN,,ALL,2010,10.32
TUR,,ALL,1975,0.77
TUR,,ALL,1973,0.69
TKM,,ALL,2002,2.33
FRA,,ALL,1974,21.15
ISR,,ALL,1995,1.5
,WHO_EURO,ALL,1970,11.03
ISL,,ALL,1976,4.76
TUR,,ALL,1988,0.71
CHE,,ALL,1973,15.63
ROU,,ALL,2008,11.9
AUT,,ALL,2006,12.4
ISL,,ALL,1980,4.97
HRV,,ALL,2002,13.39
CZE,,ALL,2002,13.47
HRV,,ALL,1997,13.21
FRA,,ALL,1979,19.4
GBR,,ALL,1995,9.7
ISR,,ALL,1998,2.09
ESP,,ALL,1983,16.18
,WHO_EURO,ALL,1976,11.38
GRC,,ALL,2004,9.56
ESP,,ALL,1996,10.76
,WHO_EURO,ALL,1985,10.03
ESP,,ALL,1993,11.6
,WHO_EURO,ALL,1984,10.48
BIH,,ALL,1998,8.37
IRL,,ALL,1998,13.73
ESP,,ALL,2005,11.92
UZB,,ALL,2000,1.6
HUN,,ALL,2004,13.28
ROU,,ALL,1982,10.28
AUT,,ALL,1991,14.1
EST,,ALL,1995,8.27
NLD,,ALL,1992,10.03
NLD,,ALL,1991,10.03
ROU,,ALL,1986,10.31
AUT,,ALL,1998,12.9
BEL,,ALL,2013,11.77
,EU_MEMBERS,ALL,1973,14.83
SVN,,ALL,2003,11.58
IRL,,ALL,2005,13.31
MKD,,ALL,2006,1.74
GEO,,ALL,1996,3.51
TUR,,ALL,1978,0.91
ROU,,ALL,2006,8.51
CHE,,ALL,1972,15.02
TUR,,ALL,1986,0.85
ARM,,ALL,1996,2.92
LVA,,ALL,1997,8.36
ESP,,ALL,2013,9.25
CHE,,ALL,1975,14.28
HRV,,ALL,2009,12.21
ESP,,ALL,1980,17.69
GBR,,ALL,2009,10.79
MKD,,ALL,1994,7.54
SVK,,ALL,1982,15.2
MDA,,ALL,1992,10.06
SVK,,ALL,1986,13.3
BEL,,ALL,1972,13
NLD,,ALL,1984,10.76
TUR,,ALL,1993,1.4
NOR,,ALL,2009,6.68
NLD,,ALL,1986,10.62
,EU_BEFORE_MAY2004,ALL,1983,14.23
RUS,,ALL,1994,8.66
,EU_MEMBERS,ALL,2011,10.26
AZE,,ALL,1997,0.71
GBR,,ALL,1975,10.4
GBR,,ALL,1973,10.04
AUT,,ALL,1993,13.5
ARM,,ALL,2003,3.03
,WHO_EURO,ALL,1988,8.94
ESP,,ALL,2007,11.05
FRA,,ALL,1995,14.12
,WHO_EURO,ALL,1989,9.01
ROU,,ALL,1983,10.21
AND,,ALL,2007,11.57
HRV,,ALL,2003,13.78
IRL,,ALL,2007,13.59
GEO,,ALL,1990,4.84
TUR,,ALL,1970,0.39
KGZ,,ALL,2007,2.77
SVK,,ALL,1998,12.13
ESP,,ALL,1974,18.38
SVN,,ALL,2002,9.29
GBR,,ALL,1986,10.26
FRA,,ALL,1973,21.4
NOR,,ALL,1981,5.32
,EU_BEFORE_MAY2004,ALL,1995,11.52
IRL,,ALL,1975,13.84
,CIS,ALL,2006,8.85
LVA,,ALL,1980,13.03
MKD,,ALL,1999,5.03
,WHO_EURO,ALL,1983,10.65
DEU,,ALL,1979,16.67
MKD,,ALL,1993,5.09
MLT,,ALL,1981,5.24
,SMALL,ALL,2012,9.08
MLT,,ALL,1982,4.94
DEU,,ALL,1995,13.35
SRB,,ALL,2011,9.56
RUS,,ALL,1987,4.59
MLT,,ALL,1993,7.21
BGR,,ALL,1999,7.65
,EU_MEMBERS,ALL,1984,13.12
LVA,,ALL,2009,9.85
SRB,,ALL,2010,9.65
GRC,,ALL,1983,11.78
,EU_MEMBERS,ALL,2008,10.85
,EU_MEMBERS,ALL,2003,11.25
FRA,,ALL,1998,13.27
GBR,,ALL,1976,10.81
UKR,,ALL,1998,3.74
AUT,,ALL,1992,13.6
NLD,,ALL,1996,9.8
ARM,,ALL,2004,3.81
,SMALL,ALL,1991,8.31
NLD,,ALL,1995,9.8
KAZ,,ALL,2004,6.55
SVN,,ALL,2011,10.61
TUR,,ALL,2004,1.35
MDA,,ALL,1999,14.37
CZE,,ALL,1991,13.52
ISR,,ALL,2006,2.23
NOR,,ALL,2003,6.04
ESP,,ALL,1978,18.28
ROU,,ALL,1974,10.34
,SMALL,ALL,1971,7.43
NOR,,ALL,1971,5.07
,SMALL,ALL,1973,7.73
FRA,,ALL,1978,19.88
CYP,,ALL,1982,6.99
NOR,,ALL,1982,4.83
NOR,,ALL,1984,4.98
CZE,,ALL,2000,13.22
ALB,,ALL,2010,5.28
CZE,,ALL,2003,13.01
LVA,,ALL,1981,12.79
GRC,,ALL,2005,9.95
MDA,,ALL,1994,16.31
SWE,,ALL,1999,6.88
LVA,,ALL,2004,8.81
DEU,,ALL,2004,11.83
AZE,,ALL,2001,0.51
DEU,,ALL,2003,11.92
DEU,,ALL,2002,12.25
ESP,,ALL,1989,13.28
FRA,,ALL,1990,15.73
LTU,,ALL,2008,13.3
,WHO_EURO,ALL,1998,8.78
GEO,,ALL,2004,3.74
EST,,ALL,1997,8.3
FRA,,ALL,1991,14.85
FRA,,ALL,1993,14.24
UZB,,ALL,2011,2.83
,WHO_EURO,ALL,2011,8.89
UZB,,ALL,2004,1.59
AND,,ALL,2005,12
BEL,,ALL,2008,10.47
,EU_BEFORE_MAY2004,ALL,2006,11.09
DEU,,ALL,1970,15.53
,EU_BEFORE_MAY2004,ALL,2008,10.59
TUR,,ALL,1972,0.41
CYP,,ALL,1973,5.27
SVK,,ALL,1971,14.25
ROU,,ALL,2001,9.78
,SMALL,ALL,2005,8.79
CHE,,ALL,1970,14.79
FRA,,ALL,1977,20.74
CYP,,ALL,1979,5.99
CYP,,ALL,1981,6.71
ARM,,ALL,2000,2.9
TUR,,ALL,1987,0.89
DEU,,ALL,1981,16.01
GBR,,ALL,1987,9.53
MKD,,ALL,1997,5.53
UKR,,ALL,2000,4.49
CZE,,ALL,2006,13.03
UKR,,ALL,1993,5.47
GBR,,ALL,2010,10.88
BEL,,ALL,1970,12.43
POL,,ALL,1993,8.39
FIN,,ALL,1975,8
,EU_BEFORE_MAY2004,ALL,1982,14.28
FIN,,ALL,1974,8.42
HUN,,ALL,1973,12.82
BGR,,ALL,1970,8.44
AUT,,ALL,1996,13.5
AUT,,ALL,1995,13.4
AUT,,ALL,1994,12.5
EST,,ALL,1996,7.97
,WHO_EURO,ALL,1987,8.92
HUN,,ALL,1975,13.79
NLD,,ALL,1993,9.67
UKR,,ALL,1999,3.93
UZB,,ALL,2008,2.36
SVK,,ALL,1993,12.04
TUR,,ALL,1999,1.46
NLD,,ALL,1994,9.68
FIN,,ALL,2011,9.81
CYP,,ALL,1999,8.93
FIN,,ALL,2006,10.15
,EU_BEFORE_MAY2004,ALL,2007,10.91
FRA,,ALL,2004,13.18
CYP,,ALL,1972,5.42
CYP,,ALL,1976,4.75
FRA,,ALL,1975,21.12
SVK,,ALL,1975,14.7
BLR,,ALL,2010,14.44
CYP,,ALL,1990,9.46
ISR,,ALL,2005,2.41
ESP,,ALL,1977,17.07
ISR,,ALL,1997,2.03
,WHO_EURO,ALL,1971,11.11
,SMALL,ALL,1975,7.62
HRV,,ALL,1994,11.61
TJK,,ALL,2007,0.35
ARM,,ALL,2001,2.86
MLT,,ALL,1987,5
GBR,,ALL,1994,9.41
TUR,,ALL,2013,1.41
,CARINFONET,ALL,2011,3.52
ESP,,ALL,2004,11.96
,EU_MEMBERS,ALL,1985,12.87
,EU_MEMBERS,ALL,1983,13.52
EST,,ALL,1991,9.13
RUS,,ALL,1989,5.35
MLT,,ALL,1994,7.2
EST,,ALL,2001,9.22
EST,,ALL,1998,8.01
IRL,,ALL,1997,13.5
GBR,,ALL,2003,11.85
SWE,,ALL,2006,6.5
SWE,,ALL,2005,6.5
UZB,,ALL,2009,2.56
GBR,,ALL,1971,8.83
MDA,,ALL,2005,10.78
NLD,,ALL,1990,9.91
,SMALL,ALL,1990,8.47
FRA,,ALL,2007,12.2
LTU,,ALL,1997,7.34
FRA,,ALL,2006,12.4
LTU,,ALL,1995,6.09
,CARINFONET,ALL,1996,2.17
,EU_MEMBERS,ALL,1974,14.76
CZE,,ALL,1990,12.98
ROU,,ALL,1976,9.44
SVK,,ALL,1970,12.71
ISL,,ALL,2014,7.45
ISL,,ALL,2011,8.13
ROU,,ALL,1972,8.97
NOR,,ALL,2014,6.06
CHE,,ALL,1971,14.77
CHE,,ALL,1974,15.24
NOR,,ALL,1986,5.27
NOR,,ALL,2010,6.59
DEU,,ALL,1982,15.69
,WHO_EURO,ALL,1997,8.81
ALB,,ALL,2014,4.51
DEU,,ALL,1990,14.89
TJK,,ALL,2005,0.37
FRA,,ALL,1981,18.33
EST,,ALL,1994,8.18
ESP,,ALL,1994,11.28
ESP,,ALL,1992,12.12
ESP,,ALL,1995,11.01
FRA,,ALL,1987,15.9
SWE,,ALL,2003,6.9
SVK,,ALL,2007,10.58
FRA,,ALL,1992,14.72
AZE,,ALL,1996,1.44
EST,,ALL,1999,8.85
HUN,,ALL,1978,16.06
TUR,,ALL,1995,1.49
GEO,,ALL,2013,5.91
NOR,,ALL,1996,5.04
UZB,,ALL,2003,1.54
POL,,ALL,2003,9.06
NLD,,ALL,1989,10.03
SVK,,ALL,1996,12.86
TUR,,ALL,2002,1.47
SVK,,ALL,1995,12.55
MDA,,ALL,1998,16.87
BEL,,ALL,1988,12.52
KGZ,,ALL,2003,3.52
LTU,,ALL,2004,12.1
MKD,,ALL,2009,1.77
DEU,,ALL,1973,16.74
CHE,,ALL,2008,10.29
HRV,,ALL,2000,12.73
LTU,,ALL,2002,11
GEO,,ALL,1998,2.09
HRV,,ALL,1988,11.07
FRA,,ALL,1976,20.84
SVK,,ALL,1979,13.57
HUN,,ALL,1997,12.51
MKD,,ALL,1998,6.24
GRC,,ALL,1982,11.01
AUT,,ALL,1977,14.2
MLT,,ALL,1978,5.8
UKR,,ALL,1992,5.54
BEL,,ALL,1971,12.62
RUS,,ALL,1980,7.91
AUT,,ALL,1985,13.3
AUT,,ALL,1987,13.5
AUT,,ALL,1988,13.7
SWE,,ALL,2008,6.9
,WHO_EURO,ALL,2013,8.65
POL,,ALL,2012,10.81
HUN,,ALL,1983,16.39
DEU,,ALL,1984,15.14
FRA,,ALL,1989,16.05
SWE,,ALL,2001,6.6
ARM,,ALL,2012,3.89
UZB,,ALL,2007,2.15
MDA,,ALL,2006,8.36
,WHO_EURO,ALL,2012,8.85
HUN,,ALL,1974,12.86
TUR,,ALL,1997,1.64
FIN,,ALL,2002,9.25
SVK,,ALL,1994,13.02
CYP,,ALL,1998,8.68
TUR,,ALL,1977,0.85
GBR,,ALL,2006,11.61
,NORDIC,ALL,2005,8.27
FRA,,ALL,1988,15.86
GEO,,ALL,1992,6.76
FRA,,ALL,2001,13.89
ISL,,ALL,2012,7.81
LTU,,ALL,1999,6.75
LTU,,ALL,2001,10.2
,NORDIC,ALL,2000,7.83
CZE,,ALL,1992,14.28
CYP,,ALL,1980,6.28
HUN,,ALL,1995,12.56
,WHO_EURO,ALL,1981,10.91
SVK,,ALL,1972,13.64
NOR,,ALL,1998,5.24
TJK,,ALL,2009,0.3
ISL,,ALL,2009,10.22
AUT,,ALL,1974,14.5
GBR,,ALL,1992,9.65
MLT,,ALL,1983,4.29
ESP,,ALL,2002,12.26
BGR,,ALL,1997,8.13
GBR,,ALL,2015,10.66
BEL,,ALL,2004,12.05
,EU_MEMBERS,ALL,2001,10.99
ISL,,ALL,2008,8.49
GEO,,ALL,2008,7.17
SVK,,ALL,1977,14.85
TJK,,ALL,2003,0.36
ITA,,ALL,2006,8.44
SVN,,ALL,2001,10.8
UKR,,ALL,1997,3.98
NOR,,ALL,1997,5.28
UZB,,ALL,2005,1.78
CYP,,ALL,1997,8.33
GBR,,ALL,1970,8.46
FIN,,ALL,2001,8.94
TUR,,ALL,1998,1.54
BIH,,ALL,1993,8.55
CYP,,ALL,1970,4.76
ESP,,ALL,1988,13.52
HRV,,ALL,2004,13.11
,NORDIC,ALL,2004,8.26
,EU_BEFORE_MAY2004,ALL,2013,9.81
MKD,,ALL,1995,6.63
DEU,,ALL,1972,16.25
AZE,,ALL,2003,0.55
ESP,,ALL,1984,14.49
RUS,,ALL,2008,12.04
ROU,,ALL,1970,8.55
CZE,,ALL,1993,13.74
TJK,,ALL,2002,0.6
NLD,,ALL,1988,10.17
HRV,,ALL,2007,12.56
AND,,ALL,2010,10.6
,WHO_EURO,ALL,1980,11.24
UKR,,ALL,2003,5.92
FRA,,ALL,1985,16.59
SVK,,ALL,1985,13.82
IRL,,ALL,1993,11.68
NOR,,ALL,1994,4.74
EST,,ALL,1990,9.84
DEU,,ALL,2000,12.91
MLT,,ALL,2012,7.67
SVK,,ALL,1974,13.51
LTU,,ALL,2003,11.29
MLT,,ALL,1995,7.19
RUS,,ALL,2011,11.04
SVK,,ALL,1978,13.59
IRL,,ALL,1995,12.25
FRA,,ALL,2008,11.9
SWE,,ALL,2000,6.2
UKR,,ALL,2014,8.06
,WHO_EURO,ALL,1973,11.51
NOR,,ALL,1995,4.79
GBR,,ALL,1997,9.97
TJK,,ALL,2001,0.86
DEU,,ALL,2008,11.36
BGR,,ALL,1995,9.51
FRA,,ALL,2003,13.49
ROU,,ALL,1980,10.91
IRL,,ALL,1996,12.97
DEU,,ALL,1978,16.27
AUT,,ALL,1980,13.6
CZE,,ALL,1999,14.39
UKR,,ALL,2008,9.46
MDA,,ALL,1997,16.4
MDA,,ALL,1996,16.44
,EU_BEFORE_MAY2004,ALL,2011,10.11
,EU_BEFORE_MAY2004,ALL,2012,10.05
GEO,,ALL,2001,2.76
ESP,,ALL,1987,14.41
GBR,,ALL,2008,11.47
SVN,,ALL,2008,10.94
FRA,,ALL,2002,13.78
TUR,,ALL,1996,1.38
POL,,ALL,2002,8.02
CYP,,ALL,1996,8.49
TJK,,ALL,2010,0.32
MKD,,ALL,1996,5.68
IRL,,ALL,1994,12.05
MLT,,ALL,2002,5.73
NOR,,ALL,2006,6.47
,EU_BEFORE_MAY2004,ALL,2009,10.22
AUT,,ALL,1984,13.9
FRA,,ALL,2009,11.8
,WHO_EURO,ALL,1979,11.22
BIH,,ALL,1994,8.19
HUN,,ALL,1993,14.16
ROU,,ALL,2000,10.16
RUS,,ALL,2005,11.57
MKD,,ALL,1992,7
GBR,,ALL,2007,11.84
GEO,,ALL,2006,6.18
HUN,,ALL,2013,10.88
GBR,,ALL,2001,10.91
BGR,,ALL,1996,9.18
ARM,,ALL,2010,4.23
LVA,,ALL,1988,6.27
ESP,,ALL,1986,14.37
POL,,ALL,2004,9.19
HUN,,ALL,1976,14.72
BIH,,ALL,1992,10.03
TJK,,ALL,2000,0.37
FRA,,ALL,1984,16.89
HUN,,ALL,1996,12.55
FRA,,ALL,1986,16.13
,WHO_EURO,ALL,1975,11.41
GBR,,ALL,1998,10.14
CZE,,ALL,2011,12.43
CZE,,ALL,1995,13.72
KGZ,,ALL,2011,3.28
NOR,,ALL,2013,6.21
HUN,,ALL,1972,12.73
ALB,,ALL,2005,5.16
ROU,,ALL,1971,8.82
,NORDIC,ALL,2002,8.19
SVK,,ALL,1980,14.93
,SMALL,ALL,1989,8.47
ARM,,ALL,2008,3.96
SVK,,ALL,1990,13.49
GBR,,ALL,1991,10.01
GBR,,ALL,1996,9.75
FRA,,ALL,1982,18.25
LVA,,ALL,1982,12.43
AND,,ALL,2003,12.37
ESP,,ALL,2012,9.35
UKR,,ALL,2007,8.86
TJK,,ALL,1998,0.45
POL,,ALL,2001,7.74
ARM,,ALL,2006,4.01
HUN,,ALL,1998,12.69
CYP,,ALL,1995,9.47
ARM,,ALL,2011,4.09
GBR,,ALL,1999,10.16
SWE,,ALL,2007,6.9
HRV,,ALL,1989,10.92
,WHO_EURO,ALL,2010,8.87
GEO,,ALL,2003,3.36
SWE,,ALL,2002,6.9
RUS,,ALL,1988,5.19
FRA,,ALL,2000,13.63
LTU,,ALL,2000,9.87
HRV,,ALL,1987,13.51
FRA,,ALL,1983,17.72
RUS,,ALL,2002,10.87
NOR,,ALL,1980,5.98
AUT,,ALL,1975,14.1
DEU,,ALL,1976,17.23
TJK,,ALL,2004,0.38
HRV,,ALL,1993,11.26
AUT,,ALL,1976,14.3
UKR,,ALL,2005,7.31
BGR,,ALL,1994,9.7
,EU_MEMBERS,ALL,1982,13.61
NLD,,ALL,1987,10.2
MLT,,ALL,1990,7.21
ARM,,ALL,2009,3.96
HUN,,ALL,2001,13.18
ALB,,ALL,2007,5.58
TJK,,ALL,1999,0.33
TUR,,ALL,2010,1.49
SVN,,ALL,2006,12.26
SVK,,ALL,1988,12.77
RUS,,ALL,2000,10.18
DEU,,ALL,1977,16.44
IRL,,ALL,1992,11.88
BIH,,ALL,1991,13.79
SWE,,ALL,1998,6.8
SVN,,ALL,2009,10.52
NOR,,ALL,1993,4.55
ROU,,ALL,1973,10.21
HUN,,ALL,2002,13.29
DEU,,ALL,1980,16.45
DEU,,ALL,1975,16.84
FRA,,ALL,1980,18.97
ARM,,ALL,2014,3.91
NOR,,ALL,1991,4.9
,NORDIC,ALL,2001,7.99
AUT,,ALL,1972,14.2
NOR,,ALL,1992,4.67
AUT,,ALL,1986,13.6
MLT,,ALL,1991,7.22
ESP,,ALL,1985,14.47
UKR,,ALL,2002,4.89
,WHO_EURO,ALL,2008,9.43
POL,,ALL,2000,8.4
TJK,,ALL,1995,1.75
GBR,,ALL,2002,11.44
,WHO_EURO,ALL,1972,11.16
KGZ,,ALL,2002,3.31
SVK,,ALL,1989,12.7
KGZ,,ALL,2000,2.13
MDA,,ALL,1995,15.82
SVK,,ALL,1992,12.63
UKR,,ALL,2010,8.39
MLT,,ALL,1992,7.17
RUS,,ALL,2004,11.5
MLT,,ALL,2014,8.49
SVK,,ALL,1973,13.68
,CARINFONET,ALL,1997,2.17
CZE,,ALL,1994,13.82
KGZ,,ALL,2008,2.53
HUN,,ALL,2011,11.51
AND,,ALL,2008,11.02
AUT,,ALL,1983,14
UKR,,ALL,1996,3.26
,WHO_EURO,ALL,2007,9.52
NOR,,ALL,1990,4.99
ISL,,ALL,2013,7.31
CYP,,ALL,1971,5
,NORDIC,ALL,2003,8.27
AUT,,ALL,1971,13.6
MLT,,ALL,1984,5.05
ESP,,ALL,1982,16.23
NLD,,ALL,1985,10.55
IRL,,ALL,1991,11.53
LTU,,ALL,1998,6.35
,EU_BEFORE_MAY2004,ALL,2010,10.18
HRV,,ALL,1992,11.47
UKR,,ALL,2006,7.99
DEU,,ALL,1974,15.92
AUT,,ALL,1973,14.6
NOR,,ALL,1989,5.08
,WHO_EURO,ALL,1977,11.2
ALB,,ALL,2002,3.73
AZE,,ALL,2008,1.18
,CARINFONET,ALL,1998,2.32
ARM,,ALL,2007,3.99
SVN,,ALL,2007,11.02
ARM,,ALL,2002,2.86
NOR,,ALL,1988,5.26
FIN,,ALL,1973,7.38
SWE,,ALL,1997,7.11
TJK,,ALL,1997,0.8
LUX,,ALL,2012,11.34
AUT,,ALL,1970,13.4
SVK,,ALL,1987,13.24
AUT,,ALL,1981,13.5
,CARINFONET,ALL,1999,2.04
DEU,,ALL,1996,13.12
HRV,,ALL,2014,12.14
TJK,,ALL,1996,1.82
TUR,,ALL,1994,1.45
TJK,,ALL,1993,1.17
,,,,
Last update,2018.01.31 07:31:04 GMT,,,
Description,"Pure alcohol consumption, litres per capita, age 15+",,,
Reference link,https://dw.euro.who.int/api/v3/measures/HFA_426?lang=En,,,
,,,,
Copyright,,,,
Â© WHO Regional Office for Europe 2019. All rights reserved.,http://www.euro.who.int/en/home/copyright-notice,,,
